{
    "name": "HeatProject",
    "videoSettings": {
        "frameExtractionRate": 15
    },
    "tags": [
        {
            "name": "leakage",
            "color": "#5db300"
        }
    ],
    "useSecurityToken": true,
    "securityToken": "HeatProject Token",
    "id": "nh732wbpg",
    "activeLearningSettings": {
        "autoDetect": false,
        "predictTag": true,
        "modelPathType": "coco"
    },
    "version": "2.2.0",
    "lastVisitedAssetId": "668009f1066454c95c9f298aa0a5b90e",
    "assets": {
        "55f667e590ee33589345edbf681756ae": {
            "asset": {
                "format": "png",
                "id": "55f667e590ee33589345edbf681756ae",
                "name": "5.png",
                "path": "file:F:/Programs/VoTT/datasets/Leakages/In/5.png",
                "size": {
                    "width": 646,
                    "height": 482
                },
                "state": 2,
                "type": 1
            },
            "regions": [
                {
                    "id": "1zaFNwbW5",
                    "type": "POLYGON",
                    "tags": [
                        "leakage"
                    ],
                    "boundingBox": {
                        "height": 27.231638418079097,
                        "width": 33.218959024507704,
                        "left": 143.73329405387662,
                        "top": 397.5819209039548
                    },
                    "points": [
                        {
                            "x": 164.9716585277883,
                            "y": 424.8135593220339
                        },
                        {
                            "x": 175.8631232274722,
                            "y": 417.1886922545352
                        },
                        {
                            "x": 176.95225307838433,
                            "y": 410.6531156550693
                        },
                        {
                            "x": 175.8631232274722,
                            "y": 402.4836241296456
                        },
                        {
                            "x": 170.41739087763023,
                            "y": 397.5819209039548
                        },
                        {
                            "x": 162.7933572783234,
                            "y": 397.5819209039548
                        },
                        {
                            "x": 152.991043203372,
                            "y": 399.76046028783765
                        },
                        {
                            "x": 143.73329405387662,
                            "y": 407.92995181326137
                        },
                        {
                            "x": 150.268177028451,
                            "y": 421.00114656437586
                        },
                        {
                            "x": 157.89218985393754,
                            "y": 422.63501993815106
                        },
                        {
                            "x": 159.52592617794636,
                            "y": 421.5457710223009
                        }
                    ]
                },
                {
                    "id": "hsi7k5XSk",
                    "type": "POLYGON",
                    "tags": [
                        "leakage"
                    ],
                    "boundingBox": {
                        "height": 24.508474576271187,
                        "width": 16.881761974981888,
                        "left": 34.818647057037836,
                        "top": 298.45877368301996
                    },
                    "points": [
                        {
                            "x": 42.98724558180074,
                            "y": 298.45877368301996
                        },
                        {
                            "x": 39.17522878214733,
                            "y": 303.3604769087107
                        },
                        {
                            "x": 34.818647057037836,
                            "y": 312.6192173499845
                        },
                        {
                            "x": 35.90779768177028,
                            "y": 320.24408441748324
                        },
                        {
                            "x": 42.44265988252437,
                            "y": 322.9672482592911
                        },
                        {
                            "x": 50.61125840728727,
                            "y": 318.06554503360036
                        },
                        {
                            "x": 51.70040903201973,
                            "y": 313.1638418079096
                        },
                        {
                            "x": 49.52212855637513,
                            "y": 305.53897474041094
                        },
                        {
                            "x": 46.79926238145416,
                            "y": 303.3604769087107
                        }
                    ]
                },
                {
                    "id": "1RpLaf82Z",
                    "type": "POLYGON",
                    "tags": [
                        "leakage"
                    ],
                    "boundingBox": {
                        "height": 14.160443666964602,
                        "width": 14.703460725516992,
                        "left": 203.63634990213794,
                        "top": 309.35142905025157
                    },
                    "points": [
                        {
                            "x": 211.26038350144478,
                            "y": 322.9672482592911
                        },
                        {
                            "x": 204.72547975305008,
                            "y": 322.42262380136606
                        },
                        {
                            "x": 203.63634990213794,
                            "y": 314.25313227594233
                        },
                        {
                            "x": 205.81465115160285,
                            "y": 309.35142905025157
                        },
                        {
                            "x": 212.894078277813,
                            "y": 309.89605350817664
                        },
                        {
                            "x": 218.33981062765494,
                            "y": 318.06554503360036
                        },
                        {
                            "x": 213.98324967636574,
                            "y": 323.5118727172162
                        }
                    ]
                }
            ],
            "version": "2.2.0"
        },
        "763f5648408bacf524da2d97ba978f85": {
            "asset": {
                "format": "png",
                "id": "763f5648408bacf524da2d97ba978f85",
                "name": "4.png",
                "path": "file:F:/Programs/VoTT/datasets/Leakages/In/4.png",
                "size": {
                    "width": 630,
                    "height": 511
                },
                "state": 2,
                "type": 1
            },
            "regions": [
                {
                    "id": "KxpuxfPVP",
                    "type": "POLYGON",
                    "tags": [
                        "leakage"
                    ],
                    "boundingBox": {
                        "height": 8.083580577440856,
                        "width": 15.01032249214723,
                        "left": 82.23194554908989,
                        "top": 416.8836422505352
                    },
                    "points": [
                        {
                            "x": 92.04638294337951,
                            "y": 424.96722282797606
                        },
                        {
                            "x": 84.54123270880315,
                            "y": 424.96722282797606
                        },
                        {
                            "x": 82.23194554908989,
                            "y": 422.0802171782585
                        },
                        {
                            "x": 88.58247422680412,
                            "y": 416.8836422505352
                        },
                        {
                            "x": 94.35567010309278,
                            "y": 416.8836422505352
                        },
                        {
                            "x": 97.24226804123711,
                            "y": 420.3480402197542
                        }
                    ]
                }
            ],
            "version": "2.2.0"
        },
        "ab2a8893620c160972f5b5540e8afbc9": {
            "asset": {
                "format": "png",
                "id": "ab2a8893620c160972f5b5540e8afbc9",
                "name": "3.png",
                "path": "file:F:/Programs/VoTT/datasets/Leakages/In/3.png",
                "size": {
                    "width": 807,
                    "height": 600
                },
                "state": 2,
                "type": 1
            },
            "regions": [
                {
                    "id": "RKh3tQ3GC",
                    "type": "POLYGON",
                    "tags": [
                        "leakage"
                    ],
                    "boundingBox": {
                        "height": 27.796651549258474,
                        "width": 19.666396902388886,
                        "left": 327.57882129444795,
                        "top": 444.74575236692266
                    },
                    "points": [
                        {
                            "x": 342.4981800688415,
                            "y": 444.74575236692266
                        },
                        {
                            "x": 335.0385265510623,
                            "y": 445.4237598483845
                        },
                        {
                            "x": 327.57882129444795,
                            "y": 457.62711864406776
                        },
                        {
                            "x": 329.6132957714946,
                            "y": 464.4067796610169
                        },
                        {
                            "x": 335.0385265510623,
                            "y": 472.5424039161811
                        },
                        {
                            "x": 344.53260280705297,
                            "y": 463.7288239042638
                        },
                        {
                            "x": 347.24521819683684,
                            "y": 450.1695018703654
                        }
                    ]
                }
            ],
            "version": "2.2.0"
        },
        "c207231ff02e588ef6818927eef0b929": {
            "asset": {
                "format": "png",
                "id": "c207231ff02e588ef6818927eef0b929",
                "name": "2.png",
                "path": "file:F:/Programs/VoTT/datasets/Leakages/In/2.png",
                "size": {
                    "width": 811,
                    "height": 602
                },
                "state": 2,
                "type": 1
            },
            "regions": [
                {
                    "id": "D6TfYvG9-",
                    "type": "POLYGON",
                    "tags": [
                        "leakage"
                    ],
                    "boundingBox": {
                        "height": 33.33108382575256,
                        "width": 61.20754716981132,
                        "left": 455.66684711704215,
                        "top": 502.0068004198667
                    },
                    "points": [
                        {
                            "x": 474.0290905134733,
                            "y": 535.3378842456193
                        },
                        {
                            "x": 462.46768569146565,
                            "y": 530.5762711864406
                        },
                        {
                            "x": 455.66684711704215,
                            "y": 521.0530969652079
                        },
                        {
                            "x": 459.06726640425387,
                            "y": 504.7277147540938
                        },
                        {
                            "x": 467.908325419236,
                            "y": 502.0068004198667
                        },
                        {
                            "x": 480.82992908789674,
                            "y": 506.7683615819209
                        },
                        {
                            "x": 495.1116797169299,
                            "y": 505.40793036336953
                        },
                        {
                            "x": 505.31293757856514,
                            "y": 505.40793036336953
                        },
                        {
                            "x": 514.1540484798279,
                            "y": 508.12884469759666
                        },
                        {
                            "x": 516.8743942868534,
                            "y": 517.6519670217051
                        },
                        {
                            "x": 503.95279061819275,
                            "y": 525.8147100243865
                        },
                        {
                            "x": 488.3108411425065,
                            "y": 529.8960555771649
                        },
                        {
                            "x": 482.8702014147361,
                            "y": 529.2158399678893
                        }
                    ]
                }
            ],
            "version": "2.2.0"
        },
        "668009f1066454c95c9f298aa0a5b90e": {
            "asset": {
                "format": "png",
                "id": "668009f1066454c95c9f298aa0a5b90e",
                "name": "1.png",
                "path": "file:F:/Programs/VoTT/datasets/Leakages/In/1.png",
                "size": {
                    "width": 816,
                    "height": 592
                },
                "state": 2,
                "type": 1
            },
            "regions": [
                {
                    "id": "6BiQExnOv",
                    "type": "POLYGON",
                    "tags": [
                        "leakage"
                    ],
                    "boundingBox": {
                        "height": 14.047498455155367,
                        "width": 36.11809402215676,
                        "left": 767.0483453469199,
                        "top": 408.71411408677614
                    },
                    "points": [
                        {
                            "x": 775.7434477258902,
                            "y": 422.76161254193147
                        },
                        {
                            "x": 768.3860298531955,
                            "y": 420.08589612023303
                        },
                        {
                            "x": 767.0483453469199,
                            "y": 413.3966305835099
                        },
                        {
                            "x": 775.0745544433594,
                            "y": 408.71411408677614
                        },
                        {
                            "x": 785.776234611136,
                            "y": 408.71411408677614
                        },
                        {
                            "x": 797.8155992851883,
                            "y": 408.71411408677614
                        },
                        {
                            "x": 802.4975460865459,
                            "y": 411.3898305084746
                        },
                        {
                            "x": 803.1664393690767,
                            "y": 420.75481246689617
                        },
                        {
                            "x": 791.7958659187692,
                            "y": 420.75481246689617
                        },
                        {
                            "x": 786.4451278936668,
                            "y": 422.76161254193147
                        },
                        {
                            "x": 784.4385501048604,
                            "y": 422.76161254193147
                        }
                    ]
                }
            ],
            "version": "2.2.0"
        }
    }
}